{"P01": 0.007594585418701172, "P03": 0.014781871810555458, "P04": 0.018668286502361298, "P05": 0.018901698291301727, "P06": 0.011392051354050636, "P07": 0.0132939163595438, "P09": 0.006073725409805775, "P10": 0.019198395311832428, "P11": 0.02763448841869831, "P12": 0.028387580066919327, "P13": 0.016610492020845413, "P15": 0.012800848111510277, "P17": 0.03679119423031807, "P18": 0.03909144178032875, "P19": 0.012004357762634754, "P20": 0.012640336528420448, "P22": 0.022697534412145615, "P23": 0.010883834213018417, "P24": 0.013352593407034874, "P25": 0.01674957573413849, "P26": 0.014276053756475449, "P27": 0.014592575840651989, "P28": 0.028053781017661095, "P29": 0.025881648063659668, "P30": 0.056646015495061874, "P31": 0.022899385541677475, "P32": 0.04250257462263107, "P33": 0.03740759938955307, "P35": 0.023050477728247643, "P36": 0.02088962122797966, "P38": 0.020939046517014503, "P39": 0.024512596428394318, "P40": 0.016116991639137268, "P41": 0.02159961313009262, "P42": 0.029016776010394096, "P43": 0.029420234262943268, "P44": 0.015390373766422272, "P45": 0.017314642667770386, "P47": 0.028381893411278725, "P48": 0.03728727623820305}