mode,balanced_accuracy,auc_high_vs_rest,threshold_youden
none,0.25,0.3203,0.2930690050125122
head_only,0.2083,0.3203,0.28113746643066406
late_layers,0.2083,0.3203,0.28285011649131775
full,0.25,0.3203,0.276390939950943
