mode,balanced_accuracy,auc_high_vs_rest,threshold_youden
none,0.25,0.3203,0.2930690050125122
head_only,0.2083,0.3203,0.27968236804008484
late_layers,0.2083,0.3125,0.28226566314697266
full,0.25,0.3203,0.2760266959667206
